Running-Time,Query
460.9425999999999,q1_no_sort
223.36209999999998,q3_no_sort
30.228700000000004,q6